target_id,length_bin,psi,factor_rotation,gplus_rotation
3qra_A,128-191,0.050221648169409355,0.05431974741676233,0.004098099247352975
3n90_A,128-191,0.04646450744716641,0.06370615041135272,0.017241642964186312
2h19_A,128-191,-0.0083080808080808,-0.010303030303030333,-0.0019949494949495308
1wlf_A,128-191,0.07476940542074642,0.04533134667234283,-0.02943805874840359
3fj8_A,128-191,0.024598252043980792,0.01765968110766531,-0.006938570936315484
2xjk_A,128-191,0.014691004740432402,0.028298069140941143,0.01360706440050874
2gu3_A,128-191,-0.0056166489298805754,-0.00705529935753419,-0.0014386504276536144
6h6c_A,128-191,-0.011472684899581913,0.0004883816574131123,0.011961066556995026
2y2b_A,128-191,-0.0016390806303965893,0.05145476137460107,0.05309384200499766
3rgq_A,128-191,0.016410342137523706,0.0246433745681489,0.008233032430625195
4ilz_A,128-191,0.1409769463340892,-0.022874149659863945,-0.16385109599395312
4g78_A,128-191,0.014447689090777994,0.010482010238661786,-0.003965678852116208
4rej_A,128-191,0.026210353382954472,0.016118487225910298,-0.010091866157044172
1h6x_A,128-191,0.014789925619597391,0.015242238878837515,0.0004523132592401237
5jix_A,128-191,-0.03656427286564268,-0.020703611457036104,0.015860661408606574
1ktg_A,128-191,-0.018296367384659142,0.021175446079476745,0.03947181346413589
1qhq_A,128-191,0.08555366591080876,0.05909076593600404,-0.026462899974804728
3qn2_A,128-191,0.0050640953769107095,-0.0036158762193070964,-0.008679971596217806
3bmb_A,128-191,-0.017010989795190248,0.044770926996360476,0.06178191679155073
3sao_A,128-191,0.014980475683351084,0.014820731274405382,-0.00015974440894570317
3zfp_A,128-191,0.02693766185719568,0.012331976815883574,-0.014605685041312107
1a3z_A,128-191,-0.06647261948417064,-0.004988693313775827,0.061483926170394804
1j54_A,128-191,-0.007359451084550679,0.007470119521912356,0.014829570606463036
1esl_A,128-191,0.0062193864398040815,-0.0028841196184583584,-0.00910350605826244
2z6o_A,128-191,0.13718991893703908,0.08494849759249103,-0.05224142134454806
1jzj_A,128-191,-0.009348202127268033,0.01651577049059659,0.025863972617864623
1oll_A,128-191,0.004851642898187341,0.0022462518936425813,-0.00260539100454476
6otd_A,128-191,0.1439263097294185,0.022274712994005852,-0.12165159673541265
3k44_A,128-191,-0.010891481241448822,-0.00851515806149635,0.002376323179952474
1rxi_A,128-191,0.009383663894220517,0.009525840619890516,0.00014217672566999942
3olv_A,128-191,0.006724357533528069,0.004186334007642111,-0.0025380235258859584
1f21_A,128-191,-0.08426710608914002,0.017616133082234753,0.10188323917137478
6s09_A,128-191,0.014526179493404548,0.025518599444309602,0.010992419950905052
2zwj_A,128-191,0.05598445857301447,0.029846604097285283,-0.026137854475729187
2wc6_A,128-191,-0.001216097987751605,0.04995625546806648,0.05117235345581808
4oa3_A,128-191,0.022344613145446692,0.03739538883927093,0.015050775693824243
2cj6_A,128-191,-0.0017443852599445685,0.0072423138024483675,0.008986699062392935
1ryl_A,128-191,0.049052774018944555,0.08023605472861225,0.031183280709667707
2zez_A,128-191,0.03966568934721802,0.03245374582954202,-0.0072119435176760055
4kow_A,128-191,-0.0007278983589200773,-0.000661725780836416,6.617257808366133e-05
5ii8_A,128-191,0.06607855492543584,0.05426381012392355,-0.011814744801512282
1ahq_A,128-191,-0.13166376937563382,0.04967948717948719,0.18134325655512099
5ziq_A,128-191,0.03402838818895079,0.0017417065468633296,-0.032286681642087464
3by8_A,128-191,0.009480731881835847,0.010622167705884335,0.0011414358240484893
4ibb_B,128-191,0.2035120147874307,0.19821318545902644,-0.00529882932840421
6h49_A,128-191,-0.026474159791421155,-0.016420229293903323,0.01005393049751783
2jek_A,128-191,0.05914548022598867,0.007272329835889139,-0.05187315039009953
1tn3_A,128-191,-0.027106077611128123,0.04499540863177227,0.0721014862429004
3bgy_A,192-255,0.1234698208461779,0.10991600768440336,-0.01355381316177457
7cxz_A,192-255,0.032811303487047284,0.03670084608057373,0.003889542593526443
2ea1_A,192-255,-0.005697547732590335,0.0022459768883173283,0.007943524620907663
6iah_A,192-255,-0.010796845778626088,0.031884435190005216,0.0426812809686313
1jm1_A,192-255,0.20437757201646092,0.16396090534979424,-0.040416666666666684
5r60_A,192-255,0.0803035757139429,0.08089352851771858,0.0005899528037756804
1dex_A,192-255,0.013512067212500645,0.014653680811972651,0.0011416135994720073
3h7t_A,192-255,0.0287947761796374,0.03900108156972896,0.01020630539009156
1oa9_A,192-255,0.041947225637722754,0.06627534789312411,0.024328122255401374
3p35_C,192-255,-0.015394609620497915,0.007377527999355439,0.022772137619853354
6m14_A,192-255,-0.07110031078489717,-0.0062046772024951175,0.06489563358240207
6hdk_A,192-255,-0.0001457386032411856,-0.003988379775368219,-0.0038426411721270335
2fby_A,192-255,0.0006970804630019497,0.011059562303763025,0.010362481840761075
1iab_A,192-255,0.19999314974654062,0.22367790108234006,0.023684751335799423
4mll_A,192-255,0.05842339425934225,0.01017646961170044,-0.048246924647641805
5c30_A,192-255,0.0028793254151884395,0.002204483521003664,-0.0006748418941847757
4uas_A,192-255,-0.007487757658581031,0.010871009376304907,0.01835876703488594
3fjp_A,192-255,0.0020812726673260875,0.006934141114408179,0.004852868447082092
5ax1_A,192-255,0.024001470921022856,0.03103077619370899,0.007029305272686131
3ury_A,192-255,0.014207048458149777,-0.0031632403328438565,-0.017370288790993633
7e2u_A,192-255,0.06453413054309914,0.055505729945191824,-0.009028400597907327
2ckg_A,192-255,0.047501523461304145,0.011552914889295156,-0.03594860857200899
1tkg_A,192-255,-0.10188882838183982,-0.06610395111030437,0.03578487727153547
4wq7_A,192-255,0.08063497882046267,0.09047124470511565,0.009836265884652992
3lbf_A,192-255,0.04355149670218164,0.049101978691019815,0.00555048198883818
5hwk_A,192-255,-0.04870947434686812,-0.02825975763298711,0.02044971671388101
1g3q_A,192-255,-0.0017596233192563007,0.002451337313722638,0.004210960632978939
6ibu_A,192-255,0.011070047565273917,0.008362420011634663,-0.0027076275536392544
5b5h_A,192-255,-0.012588700260486838,0.03891134465103747,0.0515000449115243
3gsl_A,192-255,0.07073296440972222,0.0029771592881944445,-0.06775580512152778
4z21_A,192-255,-0.07178292812239642,-0.010925547224115725,0.060857380898280695
2cul_A,192-255,0.021468600626339263,0.04275406113217227,0.021285460505833007
3ny6_A,192-255,0.01012840124229362,0.020465396560515468,0.010336995318221846
6ml9_A,192-255,0.01929137403205467,0.044318386457770545,0.025027012425715874
4ew9_A,192-255,0.022262043135735505,0.019867407120409845,-0.00239463601532566
5h0k_A,192-255,0.08741045572321293,0.0813947950007621,-0.006015660722450843
4k48_A,192-255,0.15244007269869342,0.08944886531093428,-0.06299120738775914
4bg0_A,192-255,-0.08228651839648546,-0.09909848068826654,-0.01681196229178107
6h1x_A,192-255,-0.022573795600111395,-0.014956372412512773,0.0076174231875986214
3psn_A,192-255,0.038446323493052464,0.01908099688473519,-0.01936532660831727
4dix_A,192-255,-0.014450989085228079,-0.020404501023919566,-0.005953511938691486
2afr_A,192-255,0.006609471242300639,-0.01191904647628191,-0.01852851771858255
4mln_A,192-255,0.04116635972989564,-0.003959484346224679,-0.04512584407612032
3l1b_A,192-255,0.011949685534591217,0.005875537901357173,-0.006074147633234044
5je2_A,192-255,0.013347647164072255,0.009916800858829832,-0.0034308463052424238
1qua_A,192-255,0.06232511512106988,0.0688578227245687,0.006532707603498827
1svi_A,192-255,0.044993402544377226,0.017134712574999385,-0.02785868996937784
2f8y_A,192-255,0.014162995151588328,0.005416742108757335,-0.008746253042830991
3lhs_A,256-319,0.009434030963720308,-0.0057820305559196745,-0.015216061519639982
4utp_A,256-319,0.011469267618747336,0.014322506044360361,0.002853238425613025
5ep2_A,256-319,-0.00944983638256732,0.01772367246764835,0.02717350885021567
3o01_A,256-319,-0.015206274917663366,0.001703068122724928,0.016909343040388294
1l8t_A,256-319,0.0005121716076163457,0.010303687635574864,0.009791516027958518
7e7v_A,256-319,-0.02044936527343815,-0.0006792555359326461,0.019770109737505506
3gld_A,256-319,0.053175564301813166,0.031103878628855934,-0.02207168567295723
2jhn_A,256-319,0.059522750192798256,0.02070356528445156,-0.038819184908346696
4dw8_A,256-319,0.002507476420519924,-0.0028410397975615373,-0.005348516218081461
4xkz_A,256-319,0.04849616377788926,0.016083337977670056,-0.0324128258002192
2g71_A,256-319,0.025416136181449493,0.029781833042548826,0.004365696861099333
1p9p_A,256-319,0.014915495825697388,0.023066132717934784,0.008150636892237396
4cc6_A,256-319,0.09275437910201241,0.07456426305037595,-0.01819011605163645
1wl7_A,256-319,0.00896301338779214,0.010939036381514253,0.001976022993722114
6an3_A,256-319,0.0016614679930309073,0.004808773113021945,0.003147305119991037
5y0z_A,256-319,0.07828176606219227,0.09302751293076586,0.014745746868573587
4eu0_A,256-319,0.010930320685898338,0.013519807998989442,0.002589487313091104
3w68_A,256-319,0.10484125657173642,0.02683962176521948,-0.07800163480651692
1t71_A,256-319,-0.001264597063244271,0.014358596369522489,0.015623193432766759
5mfp_A,256-319,0.03901707640891819,0.04613224679149689,0.007115170382578707
2ae1_A,256-319,0.05452156145467725,0.05227643482129617,-0.0022451266333810807
4qpc_A,256-319,-0.004371974593581272,0.0015634181146646374,0.005935392708245908
4uhf_A,256-319,0.004948425855082323,0.006255490379438338,0.0013070645243560151
3r8q_A,256-319,0.004856352257321666,0.006982747413969228,0.0021263951566475622
3def_A,256-319,0.06344062792539779,0.011886116511845568,-0.051554511413552224
3olh_A,256-319,-0.026077020544845692,0.0008975171207047383,0.02697453766555043
3uzu_A,256-319,-0.014636499166885943,0.0023765675699377103,0.017013066736823654
4rw5_A,256-319,-0.010479277577422903,-0.012944358578052576,-0.002465081000629674
1g2n_A,256-319,0.06420500862575593,0.06932358907277862,0.005118580447022686
1mj9_A,256-319,-0.014158821743091417,-0.016364679286027597,-0.00220585754293618
1jqe_A,256-319,0.043366583148174445,0.0437329614396697,0.0003663782914952544
5jzo_A,256-319,0.036566125955566964,0.00152388738292956,-0.035042238572637406
6jv0_A,256-319,0.061221400458457684,0.04073497397748081,-0.02048642648097687
3gzj_A,256-319,0.003765035826605725,0.007039684855558799,0.0032746490289530744
6jmy_A,256-319,0.016281831493981866,0.02394728383156539,0.007665452337583522
6k8a_A,256-319,0.07346371956083482,0.03595048514119132,-0.03751323441964351
6bio_A,256-319,0.014696521213278543,0.0017425761481905727,-0.01295394506508797
4xcq_A,256-319,0.03451601589899463,0.032405242511625465,-0.0021107733873691656
3ca6_A,256-319,0.02277761841014852,0.027518805380251136,0.004741186970102618
2q6o_B,256-319,0.02094625925392937,0.014426536192257854,-0.006519723061671516
4ch6_A,256-319,0.0018474864829469571,0.0011646180614020007,-0.0006828684215449564
4dia_A,256-319,0.052561775301137,0.033473347968028824,-0.019088427333108178
5hip_A,256-319,0.004178714030015167,0.019265455046124202,0.015086741016109037
6mbg_A,256-319,0.10865871855102009,0.04749663904031674,-0.06116207951070334
1ghs_A,256-319,0.03530570395553399,0.03753844908531651,0.002232745129782517
5jdh_A,256-319,0.09932059111216857,0.10401961561847359,0.004699024506305025
2y7n_A,256-319,0.04159461245377985,0.03177415046325586,-0.009820461990523987
4x0j_A,256-319,0.03735994589753432,0.06327795141744803,0.025918005519913714
5rah_A,320-384,0.05208569914452265,0.04285588109117519,-0.009229818053347457
2apc_A,320-384,0.01464640877186514,0.015549901046084273,0.0009034922742191346
3tw3_A,320-384,0.0045303703703703825,0.019555555555555534,0.015025185185185154
1ia5_A,320-384,0.01118965497615227,0.010298922013910226,-0.0008907329622420443
4zxo_A,320-384,0.029001757509358184,0.010470875559207535,-0.018530881950150648
3eb8_A,320-384,-0.02968793151063242,-0.012953538222800863,0.016734393287831557
4bok_A,320-384,0.043383786263043164,0.04293945648434806,-0.0004443297786951048
4elp_A,320-384,0.010657758689254745,0.014584824624194699,0.003927065934939954
5d9n_A,320-384,-0.013268195038872863,-0.004083584928613295,0.009184610110259568
1is9_A,320-384,0.006656390134529122,0.029843464540773926,0.023187074406244804
3gqv_A,320-384,0.07832173345045836,0.04936988985742279,-0.02895184359303556
4k5q_A,320-384,0.05270685705468319,0.041641443815356914,-0.01106541323932628
3vj8_A,320-384,0.04743345296844624,0.027528537959224362,-0.019904915009221882
4eye_A,320-384,0.003343211002203497,0.02868639667705091,0.025343185674847415
5w3t_A,320-384,0.04503313795349195,0.025128018490850373,-0.01990511946264158
3w9w_A,320-384,0.16225470419679527,0.16554169382118364,0.00328698962438838
3ipw_A,320-384,0.02976978301848956,0.012901241995213844,-0.016868541023275715
4d5d_A,320-384,0.1555652280960923,-0.02244908726390206,-0.17801431535999435
6d36_A,320-384,0.03840083174418482,0.012923279140674692,-0.02547755260351013
4w5z_A,320-384,0.003729197258932973,0.015026921194322104,0.01129772393538913
2dul_A,320-384,0.04595043282343176,0.05248320990049912,0.006532777077067366
3iu0_A,320-384,0.018414284879303307,0.010745806300777384,-0.007668478578525922
6o1x_A,320-384,0.012821459333087253,0.0017472622123785061,-0.011074197120708748
7nmq_A,320-384,0.030627295684113858,0.02521235078053262,-0.005414944903581236
2ola_A,320-384,-0.024341351660939328,-0.0076323522087753636,0.01670899945216396
5wcx_A,320-384,-0.03046054629018919,-0.02440403278997458,0.006056513500214609
6zxv_A,320-384,0.031299697837150114,0.0016698473282442672,-0.02962985050890585
4p7o_A,320-384,0.026495590454631235,0.008002617430673467,-0.018492973023957766
1yt3_A,320-384,-0.010830869672333092,0.0030980537078098124,0.013928923380142906
6lv0_A,320-384,-0.01007206994328923,1.3127494223922712e-05,0.010085197437513151
6k11_A,320-384,0.051518196025898605,0.03846034581131699,-0.013057850214581612
1si7_A,320-384,0.04636781697537989,0.05027156508595295,0.00390374811057306
2nun_A,320-384,0.057365859449192785,0.05908342236467237,0.0017175629154795868
6y9u_A,320-384,0.04033040903740914,0.014296894907356849,-0.026033514130052296
3p6a_A,320-384,0.007763389489564997,0.001176906098957881,-0.006586483390607116
1tlo_A,320-384,0.034053534053534014,0.050521300521300515,0.0164677664677665
3pt5_A,320-384,0.02722210142301466,0.027077142373946032,-0.00014495904906862577
6p80_A,320-384,0.06528562460765855,0.06086698751482181,-0.004418637092836741
5lm9_A,320-384,-0.0013399223090917827,0.0024790611529068706,0.0038189834619986535
4ifz_A,320-384,0.015605672239437799,-0.013440963056480138,-0.029046635295917937
5ljw_A,320-384,-0.040955116096783706,0.008326587255695647,0.049281703352479354
3v0i_A,320-384,-0.008325974981604109,0.020136129506990435,0.028462104488594542
4g55_A,320-384,0.025199766695829684,0.023747448235637212,-0.0014523184601924724
3r5e_A,320-384,-0.0023624862486248707,0.018363586358635862,0.020726072607260733
5vkj_A,320-384,0.019296164491894047,-1.581652827204522e-05,-0.019311981020166093
2i3g_A,320-384,0.029700548387830785,0.0337224383916991,0.00402189000386831
5lte_A,320-384,-0.017477282114828557,-0.014450382073523331,0.003026900041305224
2q0g_A,320-384,0.12153291673518611,0.04663775146631588,-0.07489516526887025
