target_id,length_bin,Psi1536,Psi3072,K
3qra_A,128-191,0.050221648169409355,0.08345292766934558,0.03323127949993622
3n90_A,128-191,0.04646450744716641,0.010329693855705455,-0.03613481359146095
2h19_A,128-191,-0.0083080808080808,-0.014099326599326605,-0.005791245791245804
1wlf_A,128-191,0.07476940542074642,0.05017738044557966,-0.024592024975166757
3fj8_A,128-191,0.024598252043980792,0.017730163205212528,-0.006868088838768265
2xjk_A,128-191,0.014691004740432402,-0.01844866458550123,-0.03313966932593363
2gu3_A,128-191,-0.0056166489298805754,-0.0027097867644160717,0.002906862165464504
6h6c_A,128-191,-0.011472684899581913,-0.019663787785317695,-0.00819110288573578
2y2b_A,128-191,-0.0016390806303965893,-0.09967465795789116,-0.09803557732749456
3rgq_A,128-191,0.016410342137523706,0.030689290092499728,0.014278947954976022
4ilz_A,128-191,0.1409769463340892,-0.06481481481481478,-0.205791761148904
4g78_A,128-191,0.014447689090777994,0.00684079601990052,-0.007606893070877474
4rej_A,128-191,0.026210353382954472,-0.027886743110038185,-0.05409709649299266
1h6x_A,128-191,0.014789925619597391,0.015414548691881351,0.0006246230722839598
5jix_A,128-191,-0.03656427286564268,0.011294451362944467,0.04785872422858714
1ktg_A,128-191,-0.018296367384659142,0.13482796616193926,0.15312433354659846
1qhq_A,128-191,0.08555366591080876,0.04654037540942303,-0.03901329050138574
3qn2_A,128-191,0.0050640953769107095,0.0232929700639085,0.01822887468699779
3bmb_A,128-191,-0.017010989795190248,0.09603582387782779,0.11304681367301805
3sao_A,128-191,0.014980475683351084,-0.00644302449414274,-0.021423500177493823
3zfp_A,128-191,0.02693766185719568,-0.005256505117770365,-0.03219416697496605
1a3z_A,128-191,-0.06647261948417064,0.007731328688424448,0.07420394817259508
1j54_A,128-191,-0.007359451084550679,-0.0032508853474988936,0.004108565737051786
1esl_A,128-191,0.0062193864398040815,0.06353119360659962,0.05731180716679554
2z6o_A,128-191,0.13718991893703908,0.14031358566465535,0.0031236667276162513
1jzj_A,128-191,-0.009348202127268033,0.004131242869235583,0.013479444996503616
1oll_A,128-191,0.004851642898187341,-0.010558689860523477,-0.015410332758710819
6otd_A,128-191,0.1439263097294185,0.19210775847471984,0.04818144874530132
3k44_A,128-191,-0.010891481241448822,-0.005868798156549356,0.005022683084899467
1rxi_A,128-191,0.009383663894220517,0.02605388497902899,0.01667022108480847
3olv_A,128-191,0.006724357533528069,0.008672360830149094,0.0019480032966210246
1f21_A,128-191,-0.08426710608914002,-0.038300376647834304,0.04596672944130572
6s09_A,128-191,0.014526179493404548,0.037192144803215456,0.02266596530981091
2zwj_A,128-191,0.05598445857301447,0.012244760655296536,-0.04373969791771794
2wc6_A,128-191,-0.001216097987751605,-0.02480314960629922,-0.023587051618547614
4oa3_A,128-191,0.022344613145446692,-0.00842678045714667,-0.03077139360259336
2cj6_A,128-191,-0.0017443852599445685,0.0027178145344672147,0.004462199794411783
1ryl_A,128-191,0.049052774018944555,0.09688768606224629,0.04783491204330174
2zez_A,128-191,0.03966568934721802,-0.0011795234725171275,-0.040845212819735154
4kow_A,128-191,-0.0007278983589200773,0.01083024527968943,0.011558143638609507
5ii8_A,128-191,0.06607855492543584,0.04417139256458725,-0.021907162360848585
1ahq_A,128-191,-0.13166376937563382,-0.015545777198319486,0.1161179921773143
5ziq_A,128-191,0.03402838818895079,0.0031985545463423496,-0.030829833642608447
3by8_A,128-191,0.009480731881835847,-0.009744795393369464,-0.01922552727520531
4ibb_B,128-191,0.2035120147874307,0.09296570137605258,-0.11054631341137812
6h49_A,128-191,-0.026474159791421155,0.050805385906639536,0.07727954569806068
2jek_A,128-191,0.05914548022598867,0.02145547484530535,-0.03769000538068332
1tn3_A,128-191,-0.027106077611128123,0.08887698534163183,0.11598306295275994
3bgy_A,192-255,0.1234698208461779,0.03855604699995533,-0.08491377384622258
7cxz_A,192-255,0.032811303487047284,-0.0010039035505500598,-0.03381520703759735
2ea1_A,192-255,-0.005697547732590335,0.03311364732358139,0.03881119505617173
6iah_A,192-255,-0.010796845778626088,0.0057165442381475785,0.01651339001677367
1jm1_A,192-255,0.20437757201646092,0.05828189300411522,-0.14609567901234569
5r60_A,192-255,0.0803035757139429,-0.027347812175025923,-0.10765138788896883
1dex_A,192-255,0.013512067212500645,-0.0007937782058828643,-0.01430584541838351
3h7t_A,192-255,0.0287947761796374,0.002728138570067978,-0.026066637609569423
1oa9_A,192-255,0.041947225637722754,-0.08668052384019359,-0.12862774947791633
3p35_C,192-255,-0.015394609620497915,-0.014916203367980028,0.00047840625251788845
6m14_A,192-255,-0.07110031078489717,-0.07522757830236501,-0.00412726751746783
6hdk_A,192-255,-0.0001457386032411856,-0.0103571567370099,-0.010211418133768715
2fby_A,192-255,0.0006970804630019497,0.011223581236234126,0.010526500773232176
1iab_A,192-255,0.19999314974654062,0.06252568845047266,-0.13746746129606796
4mll_A,192-255,0.05842339425934225,0.08501834420704883,0.026594949947706583
5c30_A,192-255,0.0028793254151884395,0.01620263252609387,0.013323307110905434
4uas_A,192-255,-0.007487757658581031,0.004920662035455357,0.012408419694036388
3fjp_A,192-255,0.0020812726673260875,-0.0034361605670953552,-0.005517433234421443
5ax1_A,192-255,0.024001470921022856,-0.04209097080787511,-0.06609244172889797
3ury_A,192-255,0.014207048458149777,-0.011912628487518359,-0.026119676945668135
7e2u_A,192-255,0.06453413054309914,-0.018251121076233206,-0.08278525161933235
2ckg_A,192-255,0.047501523461304145,-0.018520211253300858,-0.066021734714605
1tkg_A,192-255,-0.10188882838183982,-0.02956777797946793,0.0723210504023719
4wq7_A,192-255,0.08063497882046267,0.017030180840664703,-0.06360479797979796
3lbf_A,192-255,0.04355149670218164,-0.03790969051243027,-0.0814611872146119
5hwk_A,192-255,-0.04870947434686812,-0.08009718287692791,-0.031387708530059795
1g3q_A,192-255,-0.0017596233192563007,0.0001051728880475543,0.001864796207303855
6ibu_A,192-255,0.011070047565273917,-0.005890052356020926,-0.016960099921294842
5b5h_A,192-255,-0.012588700260486838,0.05920237132848289,0.07179107158896973
3gsl_A,192-255,0.07073296440972222,0.11981879340277778,0.04908582899305555
4z21_A,192-255,-0.07178292812239642,-0.004632785478047907,0.06715014264434851
2cul_A,192-255,0.021468600626339263,-0.004308371334908356,-0.02577697196124762
3ny6_A,192-255,0.01012840124229362,-0.00034186251332680843,-0.010470263755620428
6ml9_A,192-255,0.01929137403205467,0.007734557896632404,-0.011556816135422266
4ew9_A,192-255,0.022262043135735505,0.00664040638856605,-0.015621636747169456
5h0k_A,192-255,0.08741045572321293,0.12130391708581006,0.033893461362597146
4k48_A,192-255,0.15244007269869342,-0.035023086747224624,-0.18746315944591807
4bg0_A,192-255,-0.08228651839648546,-0.06488536518396484,0.017401153212520608
6h1x_A,192-255,-0.022573795600111395,-0.014585073795600126,0.007988721804511267
3psn_A,192-255,0.038446323493052464,0.009154180883152797,-0.029292142609899666
4dix_A,192-255,-0.014450989085228079,-0.04484662317647308,-0.030395634091245002
2afr_A,192-255,0.006609471242300639,-0.025077993760499167,-0.03168746500279981
4mln_A,192-255,0.04116635972989564,-0.040184162062615054,-0.08135052179251069
3l1b_A,192-255,0.011949685534591217,0.02843981021736734,0.016490124682776122
5je2_A,192-255,0.013347647164072255,0.011647879763821768,-0.0016997674002504873
1qua_A,192-255,0.06232511512106988,-0.00492982572102142,-0.0672549408420913
1svi_A,192-255,0.044993402544377226,0.013605696218288653,-0.031387706326088574
2f8y_A,192-255,0.014162995151588328,0.0036564266602289917,-0.010506568491359336
3lhs_A,256-319,0.009434030963720308,0.015099547049999273,0.0056655160862789655
4utp_A,256-319,0.011469267618747336,0.0011563124145905891,-0.010312955204156747
5ep2_A,256-319,-0.00944983638256732,0.002087051911349083,0.011536888293916402
3o01_A,256-319,-0.015206274917663366,-0.014508580343213685,0.000697694574449681
1l8t_A,256-319,0.0005121716076163457,0.002870743380504797,0.0023585717728884514
7e7v_A,256-319,-0.02044936527343815,0.008313333031441982,0.028762698304880135
3gld_A,256-319,0.053175564301813166,0.0033639452349715584,-0.0498116190668416
2jhn_A,256-319,0.059522750192798256,-0.03334668090407547,-0.09286943109687372
4dw8_A,256-319,0.002507476420519924,0.0011732229123533333,-0.0013342535081665903
4xkz_A,256-319,0.04849616377788926,-0.0055128276579539115,-0.05400899143584317
2g71_A,256-319,0.025416136181449493,-0.002463809119630277,-0.027879945301079772
1p9p_A,256-319,0.014915495825697388,0.04986538156971879,0.03494988574402141
4cc6_A,256-319,0.09275437910201241,0.05037597253009952,-0.04237840657191289
1wl7_A,256-319,0.00896301338779214,0.012032624864483298,0.0030696114766911586
6an3_A,256-319,0.0016614679930309073,-0.013513038835497149,-0.015174506828528056
5y0z_A,256-319,0.07828176606219227,0.08198962422882777,0.0037078581666354976
4eu0_A,256-319,0.010930320685898338,0.0006868457202406426,-0.010243474965657695
3w68_A,256-319,0.10484125657173642,0.13125359936093925,0.02641234278920283
1t71_A,256-319,-0.001264597063244271,0.03484145565961388,0.03610605272285815
5mfp_A,256-319,0.03901707640891819,0.006027865525187304,-0.032989210883730885
2ae1_A,256-319,0.05452156145467725,0.04819813139552129,-0.0063234300591559585
4qpc_A,256-319,-0.004371974593581272,0.0175928257645709,0.021964800358152167
4uhf_A,256-319,0.004948425855082323,0.006556575703476996,0.0016081498483946726
3r8q_A,256-319,0.004856352257321666,0.005891693130536526,0.0010353408732148603
3def_A,256-319,0.06344062792539779,0.009523295168142888,-0.0539173327572549
3olh_A,256-319,-0.026077020544845692,0.020201677376534825,0.04627869792138052
3uzu_A,256-319,-0.014636499166885943,0.025589757081469808,0.040226256248355755
4rw5_A,256-319,-0.010479277577422903,0.027527334134753008,0.03800661171217591
1g2n_A,256-319,0.06420500862575593,0.07401562114921617,0.009810612523460235
1mj9_A,256-319,-0.014158821743091417,0.0022902115598744605,0.016449033302965876
1jqe_A,256-319,0.043366583148174445,0.032974046234576636,-0.01039253691359781
5jzo_A,256-319,0.036566125955566964,0.0025027609253761574,-0.034063365030190806
6jv0_A,256-319,0.061221400458457684,-0.010001730028977997,-0.07122313048743568
3gzj_A,256-319,0.003765035826605725,0.15629154103037968,0.15252650520377398
6jmy_A,256-319,0.016281831493981866,0.038644237294189115,0.022362405800207246
6k8a_A,256-319,0.07346371956083482,0.03418468723259216,-0.03927903232824267
6bio_A,256-319,0.014696521213278543,0.04429246634202236,0.029595945128743813
4xcq_A,256-319,0.03451601589899463,0.035538929155950374,0.0010229132569557426
3ca6_A,256-319,0.02277761841014852,-0.021877191304902115,-0.04465480971505063
2q6o_B,256-319,0.02094625925392937,0.0017548488191746604,-0.01919141043475471
4ch6_A,256-319,0.0018474864829469571,-0.000818506669660077,-0.0026659931526070344
4dia_A,256-319,0.052561775301137,-0.010131712259371805,-0.0626934875605088
5hip_A,256-319,0.004178714030015167,0.03686148974253064,0.03268277571251547
6mbg_A,256-319,0.10865871855102009,0.0015068918140318398,-0.10715182673698825
1ghs_A,256-319,0.03530570395553399,0.03756880362635581,0.002263099670821821
5jdh_A,256-319,0.09932059111216857,0.17362598144182728,0.07430539032965872
2y7n_A,256-319,0.04159461245377985,0.03272315716956996,-0.008871455284209887
4x0j_A,256-319,0.03735994589753432,0.26689331213101575,0.22953336623348142
5rah_A,320-384,0.05208569914452265,-0.004362555833144044,-0.05644825497766669
2apc_A,320-384,0.01464640877186514,-0.016745338102789147,-0.031391746874654285
3tw3_A,320-384,0.0045303703703703825,0.01198814814814813,0.007457777777777748
1ia5_A,320-384,0.01118965497615227,0.034081207526551256,0.022891552550398986
4zxo_A,320-384,0.029001757509358184,0.0606711631516479,0.03166940564228972
3eb8_A,320-384,-0.02968793151063242,-0.002117278836417164,0.027570652674215254
4bok_A,320-384,0.043383786263043164,0.021631693613117762,-0.021752092649925406
4elp_A,320-384,0.010657758689254745,0.004288289721360614,-0.006369468967894131
5d9n_A,320-384,-0.013268195038872863,0.026279265231191198,0.03954746027006406
1is9_A,320-384,0.006656390134529122,0.015487460554725151,0.008831070420196029
3gqv_A,320-384,0.07832173345045836,0.015541590648016758,-0.0627801428024416
4k5q_A,320-384,0.05270685705468319,0.033605740127479286,-0.019101116927203905
3vj8_A,320-384,0.04743345296844624,0.032158167588854,-0.015275285379592243
4eye_A,320-384,0.003343211002203497,-0.003989058582174576,-0.007332269584378073
5w3t_A,320-384,0.04503313795349195,0.018704746580852763,-0.02632839137263919
3w9w_A,320-384,0.16225470419679527,0.061555410731465116,-0.10069929346533013
3ipw_A,320-384,0.02976978301848956,0.03962285592053372,0.009853072902044156
4d5d_A,320-384,0.1555652280960923,0.18615683584819387,0.03059160775210153
6d36_A,320-384,0.03840083174418482,0.012384584720471485,-0.02601624702371334
4w5z_A,320-384,0.003729197258932973,-0.005580029368575625,-0.009309226627508597
2dul_A,320-384,0.04595043282343176,0.0630801073703955,0.017129674546963743
3iu0_A,320-384,0.018414284879303307,0.006069904728505456,-0.01234438015079785
6o1x_A,320-384,0.012821459333087253,0.0951458102620893,0.08232435092900206
7nmq_A,320-384,0.030627295684113858,-0.04831554178145091,-0.07894283746556477
2ola_A,320-384,-0.024341351660939328,5.291598187162627e-05,0.024394267642810954
5wcx_A,320-384,-0.03046054629018919,0.017161866474030826,0.047622412764220017
6zxv_A,320-384,0.031299697837150114,0.004346904156064448,-0.02695279368108567
4p7o_A,320-384,0.026495590454631235,0.020709535936615692,-0.005786054518015542
1yt3_A,320-384,-0.010830869672333092,0.017187115052968733,0.028017984725301828
6lv0_A,320-384,-0.01007206994328923,-2.2973114891855495e-05,0.010049096828397374
6k11_A,320-384,0.051518196025898605,0.021768251841928987,-0.02974994418396962
1si7_A,320-384,0.04636781697537989,0.041573796531140364,-0.004794020444239526
2nun_A,320-384,0.057365859449192785,0.0072597637701804,-0.050106095679012384
6y9u_A,320-384,0.04033040903740914,-0.010144030674772209,-0.05047443971218135
3p6a_A,320-384,0.007763389489564997,-0.008954264800379912,-0.01671765428994491
1tlo_A,320-384,0.034053534053534014,0.024271024271024195,-0.009782509782509817
3pt5_A,320-384,0.02722210142301466,0.0036451160880384137,-0.023576985334976246
6p80_A,320-384,0.06528562460765855,0.05869428750784686,-0.006591337099811683
5lm9_A,320-384,-0.0013399223090917827,0.010600547442264538,0.01194046975135632
4ifz_A,320-384,0.015605672239437799,0.021863881556295175,0.006258209316857376
5ljw_A,320-384,-0.040955116096783706,0.0134439690065919,0.054399085103375606
3v0i_A,320-384,-0.008325974981604109,-0.005187637969094962,0.0031383370125091454
4g55_A,320-384,0.025199766695829684,-0.011332750072907497,-0.03653251676873718
3r5e_A,320-384,-0.0023624862486248707,0.019323432343234352,0.021685918591859223
5vkj_A,320-384,0.019296164491894047,0.00821668643732703,-0.011079478054567018
2i3g_A,320-384,0.029700548387830785,0.02951566659840262,-0.00018488178942816576
5lte_A,320-384,-0.017477282114828557,-0.010765179677819068,0.006712102437009488
2q0g_A,320-384,0.12153291673518611,0.07512813133804744,-0.04640478539713869
